itemCollection_Weapons_Kurita_common,,,
itemCollection_Weapons_Diverse_Optics_common,Reference,1,1
itemCollection_Weapons_Tiegart_common,Reference,1,1
itemCollection_Weapons_Kinslaughter_common,Reference,1,1
itemCollection_Weapons_LordsLight_common,Reference,1,1
itemCollection_Weapons_Tronel_common,Reference,1,1
itemCollection_Weapons_SperryBrowning_common,Reference,2,1
itemCollection_Weapons_Armstrong_common,Reference,1,1
itemCollection_Weapons_Tronel_common,Reference,1,1
itemCollection_Weapons_LordsLight_common,Reference,1,1,
itemCollection_Weapons_Starcutter_common,Reference,1,1
itemCollection_Weapons_Bical_common,Reference,1,1
itemCollection_Weapons_Tronel_common,Reference,1,1
itemCollection_Weapons_Aberdovey_common,Reference,1,1
itemCollection_Weapons_Gatling_common,Reference,1,1
itemCollection_Weapons_Grizzly_common,Reference,1,1
