itemCollection_Weapons_Magistracy_common,,,
itemCollection_Weapons_Diverse_Optics_common,Reference,1,1
itemCollection_Weapons_Delta_common,Reference,1,1
itemCollection_Weapons_Ceres_Arms_common,Reference,1,1
itemCollection_Weapons_Holly_common,Reference,1,1
itemCollection_Weapons_SperryBrowning_common,Reference,1,1
itemCollection_Weapons_Martel_common,Reference,1,1
itemCollection_Weapons_PartiKill_common,Reference,1,1
itemCollection_Weapons_Tronel_common,Reference,1,1
itemCollection_Weapons_Aberdovey_common,Reference,1,1
itemCollection_Weapons_Gatling_common,Reference,1,1
itemCollection_Weapons_Grizzly_common,Reference,1,1
